P1,P2,P3,P4,P5,P6,P7,Date
41,6,13,39,9,2,12,9/27/2016
35,44,17,37,43,10,2,9/30/2016
4,38,7,14,34,4,11,10/4/2016
12,30,27,20,2,11,9,10/7/2016
12,37,20,24,5,4,11,10/11/2016
31,34,19,7,13,11,1,10/14/2016
2,25,17,21,27,9,6,10/18/2016
48,9,23,20,44,10,8,10/21/2016
28,15,21,3,20,5,1,10/25/2016
23,43,10,19,16,8,2,10/28/2016
10,20,6,37,29,9,1,11/1/2016
7,11,12,48,44,7,3,11/4/2016
49,47,9,50,5,9,8,11/8/2016
38,49,3,22,23,9,2,11/11/2016
42,7,15,36,48,3,7,11/15/2016
32,27,12,47,3,8,6,11/18/2016
47,10,5,33,34,10,2,11/22/2016
28,23,5,11,17,10,11,11/25/2016
38,27,21,28,26,11,9,11/29/2016
23,32,6,11,31,2,12,12/2/2016
27,1,7,11,45,9,4,12/6/2016
6,40,37,28,12,1,5,12/9/2016
28,50,48,29,14,8,2,12/13/2016
45,10,6,30,41,11,4,12/16/2016
15,27,13,21,17,3,2,12/20/2016
46,39,16,20,4,5,2,12/23/2016
32,22,39,25,3,7,12,12/27/2016
10,22,29,47,8,1,3,12/30/2016
34,27,49,23,19,11,1,1/3/2017
21,14,49,10,18,9,11,1/6/2017
44,29,35,11,2,4,9,1/10/2017
16,7,50,3,26,4,7,1/13/2017
43,4,25,16,47,10,2,1/17/2017
17,10,27,49,31,3,5,1/20/2017
5,1,23,17,7,3,8,1/24/2017
28,45,20,17,48,9,5,1/27/2017
4,17,44,23,3,6,9,1/31/2017
3,4,50,46,15,9,5,2/3/2017
44,38,4,31,10,10,8,2/7/2017
43,26,7,35,21,9,2,2/10/2017
44,40,24,2,10,3,10,2/14/2017
25,19,33,36,48,2,9,2/17/2017
19,41,49,13,45,4,3,2/21/2017
13,2,43,22,4,8,9,2/24/2017
35,31,10,42,20,2,12,2/28/2017
47,2,11,29,30,12,1,3/3/2017
6,37,50,41,48,5,4,3/7/2017
38,49,31,47,36,8,11,3/10/2017
21,5,44,36,3,3,6,3/14/2017
19,29,36,6,10,9,3,3/17/2017
47,23,20,44,1,11,4,3/21/2017
2,21,17,27,34,5,9,3/24/2017
33,13,46,9,31,6,10,3/28/2017
24,26,45,17,28,4,12,3/31/2017
24,33,9,1,34,2,6,4/4/2017
35,10,2,50,19,7,6,4/7/2017
22,5,31,49,21,8,2,4/11/2017
33,20,4,14,23,6,10,4/14/2017
22,17,45,38,31,12,5,4/18/2017
2,13,22,49,16,4,5,4/21/2017
11,9,32,19,43,3,9,4/25/2017
20,25,30,39,14,8,2,4/28/2017
27,25,19,6,23,12,11,5/2/2017
7,43,30,3,35,1,3,5/5/2017
26,22,16,12,8,7,6,5/9/2017
2,28,29,44,20,3,9,5/12/2017
20,8,30,11,15,3,8,5/16/2017
30,12,9,19,11,9,4,5/19/2017
15,8,42,25,27,1,4,5/23/2017
36,5,39,7,26,2,10,5/26/2017
27,48,38,12,7,9,6,5/30/2017
8,42,33,24,10,9,3,6/2/2017
25,40,20,22,37,7,3,6/6/2017
9,20,27,39,43,10,11,6/9/2017
12,3,22,27,49,11,4,6/13/2017
38,42,15,17,41,9,12,6/16/2017
44,43,11,18,26,8,10,6/20/2017
4,31,21,3,38,3,7,6/23/2017
45,17,21,9,28,1,3,6/27/2017
35,50,39,17,47,6,8,6/30/2017
22,25,10,37,49,8,5,7/4/2017
45,37,20,35,11,3,6,7/7/2017
50,26,42,22,14,8,10,7/11/2017
21,14,20,47,11,10,7,7/14/2017
41,27,1,45,25,7,5,7/18/2017
8,1,26,49,9,9,5,7/21/2017
14,44,43,48,12,11,2,7/25/2017
41,9,31,5,29,4,2,7/28/2017
29,24,21,30,14,10,8,8/1/2017
29,30,41,40,36,9,2,8/4/2017
26,15,40,25,41,4,5,8/8/2017
39,48,28,46,18,12,5,8/11/2017
14,30,46,10,35,4,10,8/15/2017
39,42,24,45,2,2,8,8/18/2017
10,12,17,3,27,3,5,8/22/2017
15,7,1,47,5,9,12,8/25/2017
4,12,32,15,38,1,5,8/29/2017
8,7,3,14,49,5,8,9/1/2017
28,18,29,6,9,9,1,9/5/2017
42,47,24,49,9,1,5,9/8/2017
35,17,29,10,27,4,11,9/12/2017
44,49,13,18,37,9,12,9/15/2017
45,21,1,8,30,3,2,9/19/2017
6,31,39,42,11,3,1,9/22/2017
40,29,1,48,41,12,6,9/26/2017
18,32,7,48,19,3,7,9/29/2017
32,6,50,24,48,1,5,10/3/2017
15,1,9,25,19,1,7,10/6/2017
36,4,37,21,34,6,3,10/10/2017
23,37,50,29,45,5,11,10/13/2017
19,26,17,13,36,2,3,10/17/2017
4,27,23,30,17,3,8,10/20/2017
27,9,33,13,11,10,7,10/24/2017
39,23,16,32,3,1,4,10/27/2017
46,12,43,36,1,3,5,10/31/2017
41,5,33,17,12,4,9,11/3/2017
37,19,41,20,7,12,2,11/7/2017
37,36,29,22,13,1,9,11/10/2017
16,40,39,41,14,8,10,11/14/2017
35,36,26,42,20,5,12,11/17/2017
31,28,10,2,14,7,5,11/21/2017
28,24,50,19,30,10,3,11/24/2017
42,1,12,6,18,2,7,11/28/2017
5,46,29,35,24,11,12,12/1/2017
48,11,44,43,36,2,7,12/5/2017
34,32,22,30,4,4,3,12/8/2017
39,20,37,50,44,4,8,12/12/2017
25,42,30,50,31,11,2,12/15/2017
15,38,46,8,30,4,7,12/19/2017
5,30,24,31,43,3,6,12/22/2017
30,4,17,44,43,10,2,12/26/2017
4,48,8,22,23,1,12,12/29/2017
20,10,21,48,28,1,8,1/2/2018
41,38,20,5,2,4,8,1/5/2018
6,49,38,12,15,9,2,1/9/2018
45,30,21,13,23,6,4,1/12/2018
46,34,31,20,23,3,12,1/16/2018
44,3,17,50,8,2,7,1/19/2018
5,23,8,9,24,7,8,1/23/2018
28,15,24,48,6,9,4,1/26/2018
11,15,35,27,21,5,4,1/30/2018
36,39,34,14,48,2,3,2/2/2018
8,28,17,38,34,6,12,2/6/2018
38,22,31,44,36,11,1,2/9/2018
13,44,10,21,17,10,1,2/13/2018
23,32,50,12,10,10,4,2/16/2018
6,25,14,19,29,11,5,2/20/2018
18,17,28,47,10,3,7,2/23/2018
48,31,3,41,50,11,8,2/27/2018
2,7,34,48,45,1,12,3/2/2018
26,44,20,31,15,2,9,3/6/2018
44,9,14,21,32,12,1,3/9/2018
11,9,13,33,49,12,6,3/13/2018
31,4,27,24,17,11,10,3/16/2018
44,39,29,26,37,9,11,3/20/2018
46,5,50,7,11,11,8,3/23/2018
46,40,20,23,17,9,10,3/27/2018
35,47,28,17,12,7,11,3/30/2018
43,3,40,16,8,8,5,4/3/2018
45,47,29,33,1,4,8,4/6/2018
48,14,39,46,27,11,12,4/10/2018
48,50,34,25,5,7,6,4/13/2018
39,15,33,27,50,6,4,4/17/2018
44,39,3,25,16,11,7,4/20/2018
28,44,30,23,20,3,7,4/24/2018
24,40,12,41,46,5,12,4/27/2018
48,42,15,17,6,4,6,5/1/2018
23,6,12,45,39,12,9,5/4/2018
17,35,25,39,44,5,2,5/8/2018
22,34,3,50,49,11,8,5/11/2018
20,16,4,31,39,2,12,5/15/2018
8,31,5,10,13,6,3,5/18/2018
48,11,1,37,41,8,12,5/22/2018
13,16,15,41,28,4,5,5/25/2018
20,43,6,38,11,4,2,5/29/2018
29,17,40,24,18,4,5,6/1/2018
39,46,9,22,15,5,4,6/5/2018
43,46,8,32,19,8,2,6/8/2018
7,21,23,36,38,6,8,6/12/2018
26,23,49,33,38,1,12,6/15/2018
26,7,19,50,42,9,4,6/19/2018
44,39,41,14,25,8,2,6/22/2018
20,34,16,15,50,7,4,6/26/2018
15,21,40,23,48,3,12,6/29/2018
15,29,12,48,1,5,3,7/3/2018
30,8,48,33,38,10,2,7/6/2018
3,33,26,8,45,10,7,7/10/2018
49,14,4,1,21,2,12,7/13/2018
4,50,6,27,48,1,11,7/17/2018
15,2,43,40,46,3,6,7/20/2018
40,23,2,4,39,3,9,7/24/2018
17,23,11,22,41,11,6,7/27/2018
25,34,20,42,45,6,11,7/31/2018
26,38,36,43,7,12,6,8/3/2018
30,29,28,36,16,10,8,8/7/2018
43,44,20,18,36,9,3,8/10/2018
31,1,15,25,18,9,11,8/14/2018
18,24,2,43,15,8,12,8/17/2018
43,16,49,23,42,12,10,8/21/2018
31,36,50,14,3,12,1,8/24/2018
42,46,4,16,32,12,8,8/28/2018
4,42,30,38,31,4,6,8/31/2018
47,5,28,30,14,11,4,9/4/2018
50,31,27,4,23,1,8,9/7/2018
32,18,9,38,46,2,3,9/11/2018
45,40,33,1,3,4,3,9/14/2018
10,32,45,8,3,4,12,9/18/2018
5,7,37,25,21,3,4,9/21/2018
38,6,20,30,15,4,7,9/25/2018
4,8,50,2,27,2,9,9/28/2018
45,29,37,7,17,11,3,10/2/2018
16,8,26,35,24,11,3,10/5/2018
3,45,44,12,36,11,8,10/9/2018
31,4,12,43,9,8,5,10/12/2018
15,28,42,37,40,1,6,10/16/2018
1,3,47,29,48,12,3,10/19/2018
32,2,1,5,21,12,2,10/23/2018
5,31,18,21,35,6,9,10/26/2018
44,27,23,17,43,1,12,10/30/2018
15,37,5,17,44,11,7,11/2/2018
14,36,24,43,40,2,9,11/6/2018
49,17,37,32,14,11,12,11/9/2018
10,7,13,2,42,6,3,11/13/2018
9,10,28,41,13,12,1,11/16/2018
6,48,19,45,39,7,12,11/20/2018
25,30,5,26,8,3,10,11/23/2018
17,16,4,32,18,11,2,11/27/2018
3,10,26,23,12,12,1,11/30/2018
21,19,45,20,42,8,9,12/4/2018
17,11,37,48,26,1,10,12/7/2018
4,13,7,42,23,1,3,12/11/2018
29,12,38,44,42,12,2,12/14/2018
1,18,39,48,9,7,5,12/18/2018
12,2,34,50,15,4,3,12/21/2018
8,4,43,31,5,9,2,12/25/2018
34,16,35,45,13,10,12,12/28/2018
11,25,8,28,1,4,6,1/1/2019
19,7,11,37,27,10,6,1/4/2019
19,32,31,3,22,2,11,1/8/2019
19,48,31,39,1,6,1,1/11/2019
33,22,35,25,29,3,6,1/15/2019
5,26,46,6,30,5,10,1/18/2019
29,49,41,9,23,8,10,1/22/2019
15,16,13,6,1,6,10,1/25/2019
39,14,24,32,26,8,3,1/29/2019
3,41,26,46,21,6,1,2/1/2019
31,43,14,25,37,2,3,2/5/2019
46,12,13,39,11,7,10,2/8/2019
34,36,50,41,6,1,5,2/12/2019
49,38,27,34,15,2,10,2/15/2019
19,8,18,1,39,9,7,2/19/2019
50,33,29,3,27,7,3,2/22/2019
29,47,15,3,35,4,3,2/26/2019
9,19,26,31,6,12,11,3/1/2019
16,10,46,39,6,8,11,3/5/2019
40,17,24,19,18,8,4,3/8/2019
5,13,7,19,31,9,2,3/12/2019
46,24,42,15,3,12,9,3/15/2019
9,6,1,47,34,12,7,3/19/2019
17,43,26,4,30,11,6,3/22/2019
47,43,19,23,12,2,6,3/26/2019
13,23,26,47,32,6,10,3/29/2019
9,26,16,2,36,6,7,4/2/2019
7,45,10,1,29,5,3,4/5/2019
38,41,18,29,21,1,11,4/9/2019
46,28,1,35,36,6,9,4/12/2019
1,49,15,8,44,2,11,4/16/2019
32,49,8,7,41,11,5,4/19/2019
23,44,18,27,42,7,2,4/23/2019
33,35,50,47,14,11,9,4/26/2019
20,26,12,48,5,2,11,4/30/2019
2,20,27,43,9,5,6,5/3/2019
32,20,47,7,26,2,11,5/7/2019
1,45,27,4,48,7,1,5/10/2019
14,25,50,10,17,2,10,5/14/2019
42,16,28,43,45,6,7,5/17/2019
47,32,34,33,39,12,8,5/21/2019
5,30,49,23,16,7,6,5/24/2019
28,7,29,19,20,1,5,5/28/2019
1,26,23,35,24,11,1,5/31/2019
31,32,9,39,41,8,2,6/4/2019
34,16,4,1,20,2,5,6/7/2019
27,46,42,25,39,11,12,6/11/2019
30,1,39,13,31,2,7,6/14/2019
44,40,12,37,24,3,7,6/18/2019
9,8,39,25,5,3,7,6/21/2019
27,34,6,26,46,1,9,6/25/2019
1,33,3,49,16,2,11,6/28/2019
11,19,29,44,45,8,12,7/2/2019
2,9,20,34,42,6,9,7/5/2019
7,29,32,36,41,6,7,7/9/2019
2,31,39,45,47,4,8,7/12/2019
3,5,13,18,39,7,8,7/16/2019
13,14,17,26,28,2,7,7/19/2019
1,14,19,23,38,3,7,7/23/2019
2,5,27,37,42,3,10,7/26/2019
15,20,23,27,40,3,6,7/30/2019
13,22,33,44,50,2,5,8/2/2019
12,13,29,36,38,4,12,8/6/2019
2,14,35,41,42,10,11,8/9/2019
13,29,31,33,40,2,3,8/13/2019
9,10,27,37,42,1,5,8/16/2019
20,22,23,24,37,1,4,8/20/2019
4,17,35,42,45,2,8,8/23/2019
8,26,35,43,47,1,9,8/27/2019
25,27,45,46,49,4,6,8/30/2019
7,11,38,39,44,7,10,9/3/2019
10,13,22,40,48,2,5,9/6/2019
3,22,25,30,49,3,6,9/10/2019
1,12,27,42,47,6,7,9/13/2019
22,37,43,44,45,1,12,9/17/2019
8,21,25,38,50,4,8,9/20/2019
2,33,42,47,48,1,2,9/24/2019
24,37,41,43,46,2,8,9/27/2019
2,11,18,40,46,1,4,10/1/2019
6,9,35,41,44,6,9,10/4/2019
7,10,15,44,49,3,12,10/8/2019
2,14,19,42,45,5,6,10/11/2019
3,28,31,32,34,4,5,10/15/2019
8,18,22,41,42,11,12,10/18/2019
2,5,32,33,47,7,8,10/22/2019
34,37,39,40,50,4,10,10/25/2019
16,18,28,42,49,5,10,10/29/2019
2,20,39,44,48,5,7,11/1/2019
9,14,25,33,48,2,12,11/5/2019
8,17,20,23,45,2,8,11/8/2019
1,21,23,25,39,2,4,11/12/2019
3,13,20,32,34,4,11,11/15/2019
8,10,15,30,42,4,6,11/19/2019
3,21,32,34,48,3,11,11/22/2019
2,3,15,19,34,5,8,11/26/2019
3,7,12,42,50,6,8,11/29/2019
18,31,32,38,48,4,12,12/3/2019
1,3,27,39,46,1,10,12/6/2019
2,10,19,21,47,2,8,12/10/2019
9,16,18,23,32,2,10,12/13/2019
1,7,12,25,49,6,9,12/17/2019
8,24,30,32,34,3,4,12/20/2019
3,11,13,14,47,3,6,12/24/2019
1,7,22,26,35,5,10,12/27/2019
26,31,33,41,48,2,4,12/31/2019
5,15,20,36,47,8,12,1/3/2020
5,8,12,37,43,6,11,1/7/2020
6,17,32,44,46,2,6,1/10/2020
21,25,29,39,44,8,9,1/14/2020
8,19,20,29,44,3,8,1/17/2020
10,11,24,36,46,3,5,1/21/2020
3,4,6,9,24,5,8,1/24/2020
1,19,27,31,38,4,5,1/28/2020
13,18,20,23,30,2,4,1/31/2020
21,23,33,35,47,6,7,2/4/2020
9,15,17,25,40,3,9,2/7/2020
24,26,32,43,46,6,10,2/11/2020
5,20,35,41,49,6,10,2/14/2020
11,32,34,38,47,2,10,2/18/2020
7,23,30,32,45,5,9,2/21/2020
1,4,18,27,42,4,6,2/25/2020
8,11,20,22,23,3,4,2/28/2020
4,14,27,44,45,1,10,3/3/2020
15,38,43,45,46,1,11,3/6/2020
11,23,30,37,43,5,12,3/10/2020
3,11,21,27,36,9,10,3/13/2020
5,7,8,16,20,2,12,3/17/2020
3,9,20,34,40,6,12,3/20/2020
7,12,26,30,33,10,11,3/24/2020
11,14,27,41,46,2,3,3/27/2020
12,17,24,30,36,1,9,3/31/2020
16,19,34,46,50,2,6,4/3/2020
4,5,14,33,48,7,12,4/7/2020
3,10,17,33,39,1,4,4/10/2020
6,29,34,35,40,4,11,4/14/2020
16,28,32,37,45,1,11,4/17/2020
10,11,14,23,28,6,8,4/21/2020
1,5,19,21,28,4,7,4/24/2020
15,23,26,28,32,1,5,4/28/2020
19,20,38,45,47,2,6,5/1/2020
2,10,22,27,41,2,3,5/5/2020
8,25,32,33,38,7,9,5/8/2020
9,16,29,37,39,4,11,5/12/2020
11,23,32,34,39,1,6,5/15/2020
5,25,32,37,43,6,7,5/19/2020
3,18,22,27,32,2,7,5/22/2020
4,9,14,21,27,4,6,5/26/2020
4,8,11,19,46,4,8,5/29/2020
10,12,22,26,49,7,11,6/2/2020
5,11,17,24,37,3,6,6/5/2020
5,15,27,36,46,2,8,6/9/2020
2,24,39,45,46,4,8,6/12/2020
4,9,11,17,39,2,10,6/16/2020
5,14,19,24,43,3,11,6/19/2020
2,12,19,46,49,1,8,6/23/2020
1,10,12,21,26,5,11,6/26/2020
1,6,11,28,42,2,10,6/30/2020
4,16,27,37,39,3,6,7/3/2020
12,16,23,33,41,8,10,7/7/2020
15,17,23,30,38,2,7,7/10/2020
11,22,30,37,47,9,10,7/14/2020
7,15,27,41,43,7,9,7/17/2020
14,15,24,29,42,2,4,7/21/2020
8,9,27,28,50,4,12,7/24/2020
9,13,15,17,34,2,7,7/28/2020
21,24,30,46,49,2,5,7/31/2020
1,2,5,15,42,5,8,8/4/2020
5,20,21,36,41,6,11,8/7/2020
8,13,14,42,50,3,9,8/11/2020
9,10,19,42,49,4,12,8/14/2020
6,12,17,34,42,5,12,8/18/2020
10,15,35,44,50,3,5,8/21/2020
7,18,30,37,39,8,10,8/25/2020
7,12,16,17,31,7,9,8/28/2020
4,8,10,33,46,8,11,9/1/2020
6,22,29,40,43,4,7,9/4/2020
2,9,31,35,41,9,12,9/8/2020
34,38,42,43,45,9,12,9/11/2020
16,20,25,30,38,6,8,9/15/2020
2,10,19,25,45,1,7,9/18/2020
16,25,28,39,40,1,6,9/22/2020
19,23,34,37,45,1,7,9/25/2020
4,14,16,41,44,11,12,9/29/2020
6,12,15,40,45,3,9,10/2/2020
4,21,36,41,47,9,11,10/6/2020
11,15,35,41,50,5,8,10/9/2020
5,14,38,41,46,1,10,10/13/2020
15,33,38,40,50,3,6,10/16/2020
5,6,15,37,42,3,4,10/20/2020
10,15,19,21,23,3,12,10/23/2020
13,15,28,32,44,3,12,10/27/2020
12,16,20,21,28,3,9,10/30/2020
5,7,18,20,30,6,7,11/3/2020
7,12,37,40,50,1,2,11/6/2020
3,19,29,32,38,5,12,11/10/2020
1,5,17,28,31,1,10,11/13/2020
16,19,25,30,44,2,6,11/17/2020
28,29,39,48,50,5,7,11/20/2020
25,33,38,42,50,8,12,11/24/2020
2,5,8,14,16,8,9,11/27/2020
14,20,29,47,49,4,12,12/1/2020
14,20,27,34,38,1,11,12/4/2020
1,4,21,24,46,2,12,12/8/2020
6,9,13,24,41,3,12,12/11/2020
9,13,21,29,35,1,2,12/15/2020
2,3,13,17,21,7,8,12/18/2020
2,10,16,42,50,4,11,12/22/2020
16,21,27,30,32,3,5,12/25/2020
7,32,39,40,45,3,8,12/29/2020
16,28,32,44,48,1,9,1/1/2021
12,34,37,38,42,1,3,1/5/2021
18,23,37,41,42,4,6,1/8/2021
2,10,18,34,35,6,9,1/12/2021
4,10,27,38,40,3,11,1/15/2021
25,27,31,35,43,5,6,1/19/2021
8,16,42,44,47,6,7,1/22/2021
5,7,25,37,40,2,8,1/26/2021
1,5,27,36,42,1,6,1/29/2021
18,20,35,38,48,9,12,2/2/2021
12,19,37,44,45,2,6,2/5/2021
5,10,24,31,37,9,10,2/9/2021
7,23,30,32,36,8,12,2/12/2021
5,9,25,29,30,6,7,2/16/2021
4,12,25,46,48,7,12,2/19/2021
9,18,30,39,45,1,3,2/23/2021
6,12,22,29,33,6,11,2/26/2021
2,19,24,26,49,6,7,3/2/2021
4,5,39,46,48,7,10,3/5/2021
1,16,21,32,33,11,12,3/5/2021
4,6,9,11,44,10,11,3/9/2021
23,25,32,35,47,2,6,3/12/2021
3,9,35,43,44,1,10,3/16/2021
2,26,29,36,49,3,9,3/23/2021
10,12,37,49,50,3,8,3/26/2021
24,27,28,29,42,4,8,3/30/2021
4,21,34,40,47,2,5,4/2/2021
2,21,37,38,50,7,8,4/6/2021
2,8,32,35,44,8,11,4/9/2021
16,20,31,47,50,2,8,4/13/2021
6,11,29,40,48,5,9,4/16/2021
5,17,28,41,46,10,11,4/20/2021
3,14,15,19,29,2,8,4/23/2021
13,14,24,35,49,1,10,4/27/2021
1,16,24,28,46,2,11,4/30/2021
3,10,13,28,46,4,11,5/4/2021
14,22,33,38,47,8,9,5/7/2021
14,25,34,43,46,5,6,5/11/2021
6,16,18,29,38,6,11,5/14/2021
5,13,38,39,40,4,12,5/18/2021
2,9,13,15,35,3,10,5/21/2021
1,21,26,30,38,2,8,5/25/2021
11,13,16,34,40,1,12,5/28/2021
3,10,26,35,44,6,7,6/1/2021
7,20,36,40,46,2,4,6/4/2021
2,11,26,36,47,7,9,6/8/2021
9,17,21,33,39,7,11,6/11/2021
11,21,26,30,31,2,3,6/15/2021
11,20,27,30,41,3,5,6/18/2021
6,24,26,27,41,3,8,6/22/2021
1,29,30,33,36,3,12,6/25/2021
6,12,20,24,48,5,6,6/29/2021
9,14,29,38,49,7,10,7/2/2021
2,5,21,27,42,9,11,7/6/2021
6,19,36,37,49,4,11,7/9/2021
5,6,8,11,22,3,4,7/13/2021
5,16,42,47,49,3,11,7/16/2021
3,12,19,41,48,6,9,7/20/2021
23,24,26,34,50,2,4,7/23/2021
5,9,19,21,25,10,12,7/27/2021
10,23,33,35,37,5,10,7/30/2021
17,21,23,45,46,7,11,8/3/2021
7,14,21,26,32,4,12,8/6/2021
9,37,47,48,49,2,7,8/10/2021
6,12,44,47,49,8,12,8/13/2021
12,31,41,42,47,4,6,8/17/2021
3,9,19,20,23,9,11,8/20/2021
19,21,36,44,50,3,10,8/24/2021
2,3,31,46,50,8,12,8/27/2021
5,13,17,32,43,2,10,8/31/2021
5,7,13,29,35,3,7,9/3/2021
7,19,35,42,43,7,9,9/7/2021
1,6,7,18,28,2,8,9/10/2021
12,18,35,38,45,2,8,9/14/2021
5,7,8,10,34,1,9,9/17/2021
20,25,26,30,38,2,8,9/21/2021
2,12,20,27,41,10,12,9/24/2021
6,7,12,33,39,1,7,9/28/2021
1,15,19,26,48,6,12,10/1/2021
11,13,14,36,45,7,9,10/5/2021
1,10,23,42,46,3,5,10/8/2021
6,13,22,45,49,10,11,10/12/2021
21,26,31,34,49,2,5,10/15/2021
4,20,36,40,41,1,6,10/19/2021
12,17,22,33,39,2,12,10/22/2021
12,15,20,42,44,1,2,10/26/2021
10,15,28,32,49,3,9,10/29/2021
2,3,17,29,43,1,4,11/2/2021
2,12,25,30,41,8,11,11/5/2021
17,25,26,33,36,1,8,11/9/2021
2,9,15,47,50,6,9,11/12/2021
9,19,21,32,36,3,4,11/16/2021
22,26,38,47,50,2,6,11/19/2021
17,21,36,42,46,7,10,11/23/2021
1,20,41,42,50,3,7,11/26/2021
19,20,26,33,43,1,4,11/30/2021
21,22,29,32,46,9,10,12/3/2021
22,31,38,46,47,7,11,12/7/2021
11,21,33,38,42,2,8,12/10/2021
19,21,37,47,48,3,6,12/14/2021
1,2,15,30,35,2,7,12/17/2021
12,17,21,34,38,2,3,12/21/2021
2,26,28,34,41,5,10,12/24/2021
4,6,15,17,29,9,12,12/28/2021
7,22,25,43,49,6,7,12/31/2021
18,28,35,36,41,6,11,1/4/2022
2,14,37,44,50,7,11,1/7/2022
4,23,32,33,44,9,12,1/11/2022
6,17,25,31,46,9,12,1/14/2022
3,12,19,24,30,2,5,1/18/2022
5,14,35,36,39,7,12,1/21/2022
6,16,18,39,47,2,4,1/25/2022
10,25,29,34,45,9,10,1/28/2022
1,19,36,38,49,6,9,2/1/2022
3,25,38,43,49,3,7,2/4/2022
6,20,34,37,43,7,10,2/8/2022
13,18,38,42,45,7,11,2/11/2022
9,20,31,33,44,2,12,2/15/2022
25,38,41,43,50,6,10,2/18/2022
5,9,14,26,32,3,7,2/22/2022
10,13,24,30,42,1,5,2/25/2022
8,24,26,39,42,3,5,3/1/2022
6,20,40,42,43,10,12,3/4/2022
12,18,21,25,31,2,9,3/8/2022
12,19,22,23,48,2,6,3/11/2022
1,2,12,19,26,2,8,3/15/2022
1,9,14,17,43,6,12,3/18/2022
7,17,21,29,40,8,11,3/22/2022
6,10,24,27,29,5,12,3/25/2022
8,11,33,42,43,6,11,3/29/2022
2,7,21,31,45,4,10,4/1/2022
1,11,13,24,49,5,6,4/5/2022
1,15,16,38,45,4,11,4/8/2022
21,30,31,35,47,2,10,4/12/2022
6,24,30,32,48,5,6,4/15/2022
2,12,17,28,46,6,10,4/19/2022
6,11,21,35,36,1,9,4/22/2022
4,25,28,34,45,8,11,4/26/2022
10,11,20,36,37,3,7,4/29/2022
8,20,26,47,48,3,8,5/3/2022
3,8,18,24,40,3,11,5/6/2022
3,25,27,28,29,4,9,5/10/2022
3,11,17,45,48,4,8,5/13/2022
5,28,30,48,49,5,11,5/17/2022
8,22,23,32,50,3,9,5/20/2022
10,13,27,36,37,2,10,5/24/2022
15,23,28,34,48,3,5,5/27/2022
3,10,13,42,49,3,9,5/31/2022
12,28,29,34,48,9,11,6/3/2022
6,16,17,25,31,2,6,6/7/2022
17,26,36,37,40,9,12,6/10/2022
2,7,27,34,40,3,11,6/14/2022
19,21,22,31,38,7,11,6/17/2022
6,23,36,39,47,8,10,6/21/2022
10,17,28,44,50,8,12,6/24/2022
10,35,42,47,48,2,11,6/28/2022
6,18,24,34,46,3,12,7/1/2022
7,10,25,45,48,3,6,7/5/2022
28,31,35,43,46,4,7,7/8/2022
14,18,24,25,50,6,11,7/12/2022
9,17,29,38,39,7,10,7/15/2022
6,23,27,40,41,2,12,7/19/2022
16,18,29,32,50,4,11,7/22/2022
3,5,17,25,27,1,9,7/26/2022
3,23,38,43,48,3,8,7/29/2022
7,18,28,40,48,8,11,8/2/2022
3,29,33,35,44,8,10,8/5/2022
18,19,21,27,47,5,11,8/9/2022
14,17,34,35,42,6,10,8/12/2022
10,14,25,32,39,7,8,8/16/2022
2,9,13,19,38,2,6,8/19/2022
19,26,31,39,48,2,3,8/23/2022
22,23,25,38,44,11,12,8/26/2022
4,6,10,15,19,1,4,8/30/2022
7,12,13,20,45,3,12,9/2/2022
7,10,22,29,44,4,5,9/6/2022
17,23,24,26,27,4,9,9/9/2022
9,12,15,40,47,1,11,9/13/2022
10,27,36,45,49,3,4,9/16/2022
11,21,23,32,48,3,12,9/20/2022
14,15,22,35,48,3,8,9/23/2022
4,20,21,34,44,1,3,9/27/2022
1,2,11,16,26,3,12,9/30/2022
3,18,28,42,43,3,12,10/4/2022
26,27,42,45,50,1,12,10/7/2022
8,23,32,35,40,1,8,10/11/2022
24,28,29,34,48,3,7,10/14/2022
3,5,13,42,48,1,6,10/18/2022
25,26,28,38,40,1,6,10/21/2022
7,24,34,39,46,1,6,10/25/2022
14,16,21,28,35,1,11,10/28/2022
19,37,42,47,48,1,6,11/1/2022
2,11,37,45,47,2,3,11/4/2022
3,5,32,33,50,1,8,11/8/2022
2,19,24,25,44,2,10,11/11/2022
13,21,24,31,33,1,12,11/15/2022
13,16,19,35,41,1,11,11/18/2022
21,22,24,29,42,3,11,11/22/2022
19,21,35,37,39,2,6,11/25/2022
15,20,24,35,38,8,12,11/29/2022
12,21,35,39,45,6,11,12/2/2022
12,20,25,26,27,8,12,12/6/2022
8,27,31,46,50,1,3,12/9/2022
3,9,12,26,30,10,11,12/13/2022
2,15,19,35,44,2,7,12/16/2022
1,11,17,20,27,4,5,12/20/2022
16,17,23,26,35,5,11,12/23/2022
19,31,33,34,43,3,5,12/27/2022
17,34,42,47,48,1,9,12/30/2022
20,21,29,45,46,3,10,1/3/2023
16,31,35,44,45,4,12,1/6/2023
11,13,34,40,42,3,10,1/10/2023
4,13,25,33,37,5,10,1/13/2023
18,21,30,46,50,2,6,1/17/2023
3,6,13,40,42,7,11,1/20/2023
11,27,41,43,47,7,11,1/24/2023
8,9,15,19,31,10,12,1/27/2023
7,12,19,33,43,3,7,1/31/2023
2,14,17,32,45,3,10,2/3/2023
2,8,34,44,47,3,9,2/7/2023
3,13,25,36,47,3,8,2/10/2023
24,26,38,43,46,2,3,2/14/2023
8,23,27,42,45,1,9,2/17/2023
21,22,34,41,49,2,7,2/21/2023
7,23,34,42,48,1,3,2/24/2023
12,29,33,37,47,5,10,2/28/2023
3,6,8,24,50,10,11,3/3/2023
11,13,24,35,50,6,11,3/7/2023
9,16,37,38,48,2,7,3/10/2023
16,26,28,31,46,11,12,3/14/2023
5,15,26,37,49,8,11,3/17/2023
1,9,20,29,32,2,3,3/21/2023
5,12,25,36,46,6,10,3/24/2023
16,21,34,36,44,9,10,3/28/2023
16,18,28,34,47,5,10,3/31/2023
10,16,31,33,50,3,8,4/4/2023
5,26,28,36,46,6,12,4/7/2023
10,14,16,19,29,2,10,4/11/2023
4,11,37,44,49,6,7,4/14/2023
17,21,23,35,37,10,11,4/18/2023
7,8,18,33,42,2,8,4/21/2023
10,29,30,40,45,1,12,4/25/2023
11,13,16,23,34,1,10,4/28/2023
7,32,44,47,48,7,8,5/2/2023
3,8,18,34,49,3,7,5/5/2023
13,17,21,28,46,7,9,5/9/2023
9,10,13,39,44,4,6,5/12/2023
4,6,9,14,37,4,11,5/16/2023
18,27,34,41,49,3,9,5/19/2023
5,6,14,23,34,2,11,5/23/2023
15,25,37,38,41,1,7,5/26/2023
27,29,32,33,47,2,8,5/30/2023
3,12,15,25,43,10,11,6/2/2023
13,21,32,39,50,2,10,6/6/2023
18,26,36,41,50,11,12,6/9/2023
15,16,21,41,50,5,6,6/13/2023
7,26,34,41,44,9,11,6/16/2023
11,17,28,32,35,5,6,6/20/2023
1,3,11,33,46,10,11,6/23/2023
17,22,23,27,44,1,7,6/27/2023
1,6,25,29,36,7,10,6/30/2023
14,17,23,36,44,2,8,7/4/2023
2,11,12,19,38,4,8,7/7/2023
2,11,28,42,48,4,9,7/11/2023
5,8,29,35,48,5,6,7/14/2023
4,12,34,35,45,1,9,7/18/2023
7,31,33,35,36,7,10,7/21/2023
5,7,11,27,37,6,12,7/25/2023
7,32,33,34,38,6,9,7/28/2023
25,27,35,40,45,7,11,8/1/2023
15,20,31,44,48,1,3,8/4/2023
8,9,33,35,40,3,6,8/8/2023
4,6,10,13,34,3,5,8/11/2023
3,5,9,32,43,6,10,8/15/2023
23,25,30,44,47,9,12,8/18/2023
2,9,23,32,40,6,7,8/22/2023
16,17,34,35,44,5,10,8/25/2023
21,23,32,40,49,8,11,8/29/2023
4,5,35,37,43,5,6,9/1/2023
1,7,24,41,48,10,12,9/5/2023
10,20,21,26,33,3,4,9/8/2023
5,14,36,40,42,2,11,9/12/2023
12,14,21,45,48,8,11,9/15/2023
10,15,31,41,42,2,5,9/19/2023
3,23,24,34,35,5,8,9/22/2023
2,6,14,19,23,5,7,9/26/2023
9,11,13,21,32,2,7,9/29/2023
6,20,22,24,45,4,5,10/3/2023
21,29,31,34,43,2,9,10/6/2023
18,20,22,33,43,3,9,10/10/2023
21,26,28,40,41,2,4,10/13/2023
10,17,20,35,40,3,4,10/17/2023
2,20,28,40,45,1,5,10/20/2023
8,16,18,31,34,6,9,10/24/2023
29,33,35,48,49,3,8,10/27/2023
5,7,20,40,50,2,10,10/31/2023
8,21,31,39,47,5,9,11/3/2023
8,10,11,30,39,4,10,11/7/2023
10,21,30,38,42,2,12,11/10/2023
13,16,36,44,50,3,5,11/14/2023
2,24,26,46,50,2,7,11/17/2023
19,29,34,46,47,2,3,11/21/2023
15,20,29,39,48,1,7,11/24/2023
12,16,27,33,44,7,8,11/28/2023
4,10,14,38,50,9,12,12/1/2023
4,6,20,24,25,5,9,12/5/2023
17,30,42,48,50,4,8,12/8/2023
6,28,37,39,43,9,12,12/12/2023
2,13,37,38,48,5,9,12/15/2023
10,20,41,43,45,2,12,12/19/2023
6,14,34,44,49,4,12,12/22/2023
8,27,30,35,47,9,10,12/26/2023
2,3,19,36,37,6,9,12/29/2023
7,15,18,46,49,10,12,1/2/2024
4,7,18,39,50,3,8,1/5/2024
2,9,12,39,40,1,3,1/9/2024
16,17,18,45,49,9,12,1/12/2024
10,18,21,33,45,8,12,1/16/2024
27,28,44,48,50,7,12,1/19/2024
14,23,39,48,50,3,12,1/23/2024
8,19,32,41,42,9,12,1/26/2024
5,10,19,27,30,5,6,1/30/2024
13,20,23,27,42,5,9,2/2/2024
2,7,21,28,45,5,11,2/6/2024
23,24,35,37,45,9,12,2/9/2024
13,17,18,20,46,4,9,2/13/2024
8,13,14,24,26,1,2,2/16/2024
23,31,37,42,48,3,7,2/20/2024
24,27,28,30,49,1,12,2/23/2024
3,4,9,12,20,5,6,2/27/2024
4,7,19,20,34,2,4,3/1/2024
2,15,17,23,36,3,8,3/5/2024
8,11,12,16,44,4,7,3/8/2024
13,19,30,38,46,4,12,3/12/2024
1,4,31,34,40,4,5,3/15/2024
7,16,18,20,32,1,3,3/19/2024
8,11,23,32,44,9,10,3/22/2024
2,13,14,26,29,5,6,3/26/2024
16,17,35,36,49,1,10,3/29/2024
1,23,31,36,48,5,8,4/2/2024
13,18,26,35,37,8,11,4/5/2024
19,23,26,27,46,2,10,4/9/2024
2,3,12,16,45,2,11,4/12/2024
22,29,31,39,46,3,7,4/16/2024
10,20,40,44,46,1,3,4/23/2024
6,9,11,32,49,2,10,4/26/2024
2,20,39,40,47,4,8,4/26/2024
13,22,24,33,47,1,5,4/30/2024
6,9,10,30,49,3,4,5/3/2024
35,36,41,42,45,6,11,5/7/2024
13,28,29,44,48,4,12,5/10/2024
2,8,17,28,35,7,9,5/14/2024
18,31,32,41,46,1,10,5/17/2024
11,13,14,34,48,7,9,5/21/2024
9,12,18,22,50,1,3,5/24/2024
16,18,35,36,41,6,7,5/28/2024
4,7,16,33,34,7,8,5/31/2024
6,7,9,14,43,3,4,6/4/2024
15,16,26,30,37,5,8,6/7/2024
7,15,34,45,48,7,9,6/11/2024
2,13,16,24,32,1,7,6/14/2024
3,11,33,34,36,1,12,6/18/2024
3,4,7,11,17,3,12,6/21/2024
14,16,37,45,49,5,7,6/25/2024
10,16,18,22,35,1,10,6/28/2024
2,7,34,35,46,6,8,7/2/2024
11,13,29,31,47,1,11,7/5/2024
6,15,19,28,39,7,11,7/9/2024
12,18,24,25,39,8,10,7/12/2024
2,32,35,36,39,7,8,7/16/2024
15,22,35,44,48,6,7,7/19/2024
4,8,10,16,34,4,8,7/23/2024
4,19,23,35,37,4,8,7/26/2024
9,25,28,37,38,2,8,7/30/2024
5,7,12,33,46,3,12,8/2/2024
1,18,27,41,50,2,12,8/6/2024
21,23,25,33,44,4,10,8/9/2024
15,16,39,40,47,1,6,8/13/2024
15,17,29,45,49,1,10,8/16/2024
7,10,13,18,26,3,12,8/20/2024
9,15,24,47,50,8,9,8/23/2024
1,8,11,42,47,4,11,8/27/2024
3,24,27,33,42,4,6,8/30/2024
7,9,11,16,45,2,5,9/3/2024
12,14,34,41,47,3,4,9/6/2024
6,29,46,47,48,2,9,9/10/2024
10,15,17,31,42,4,12,9/13/2024
20,30,32,41,44,1,10,9/17/2024
16,25,29,34,37,3,7,9/20/2024
18,20,21,36,49,3,5,9/24/2024
7,20,21,27,38,5,12,9/27/2024
8,22,29,41,42,9,11,10/1/2024
4,8,16,17,20,1,6,10/4/2024
7,14,19,34,40,6,8,10/8/2024
16,23,32,46,49,4,5,10/11/2024
2,15,32,36,48,3,9,10/15/2024
4,15,23,30,39,1,12,10/18/2024
3,13,27,30,46,1,2,10/22/2024
4,17,20,25,45,8,9,10/25/2024
1,2,19,30,45,10,12,10/29/2024
7,33,38,44,50,2,7,11/1/2024
1,8,19,37,50,6,9,11/5/2024
2,33,35,42,48,1,3,11/8/2024
10,11,12,22,50,1,10,11/12/2024
7,8,34,39,44,2,6,11/15/2024
4,13,20,28,49,7,12,11/19/2024
10,11,12,29,31,8,11,11/22/2024
7,11,25,31,40,9,12,11/26/2024
8,17,18,29,43,5,9,11/29/2024
23,25,34,46,47,6,8,12/3/2024
14,25,39,44,47,6,10,12/6/2024
5,24,25,29,47,5,9,12/10/2024
1,15,25,42,50,4,10,12/13/2024
1,3,4,21,29,2,7,12/17/2024
10,14,21,33,50,6,9,12/20/2024
6,10,16,23,24,11,12,12/24/2024
12,22,27,33,45,4,8,12/27/2024
19,24,26,28,33,8,12,12/31/2024
3,19,29,35,37,1,9,1/3/2025
20,33,35,41,47,4,12,1/7/2025
12,27,36,37,42,6,7,1/10/2025
18,20,29,41,48,5,9,1/14/2025
8,15,24,35,42,6,8,1/17/2025
6,8,14,27,41,4,5,1/21/2025
2,11,19,30,49,3,8,1/24/2025
9,37,41,42,49,1,9,1/28/2025
22,30,41,44,49,2,7,1/31/2025
3,4,29,39,43,5,10,2/4/2025
10,23,24,29,45,8,10,2/7/2025
3,21,36,41,46,1,6,2/11/2025
4,14,31,36,38,3,10,2/14/2025
5,14,25,26,40,5,7,2/18/2025
1,3,11,20,43,2,11,2/21/2025
17,22,23,24,44,6,11,2/25/2025
7,16,31,43,46,5,9,2/28/2025
15,20,29,35,42,2,9,3/4/2025
6,10,27,32,48,3,8,3/7/2025
13,36,37,42,47,7,11,3/11/2025
8,10,33,35,49,2,9,3/14/2025
4,9,35,46,50,8,11,3/18/2025
9,17,18,21,50,5,12,3/21/2025
1,3,18,33,36,2,6,3/25/2025
10,21,30,42,45,1,9,3/28/2025
9,24,30,46,49,4,12,4/1/2025
27,39,41,45,50,5,7,4/4/2025
3,14,15,48,49,1,7,4/8/2025
14,28,34,46,49,3,8,4/11/2025
3,31,33,38,44,6,12,4/15/2025
20,27,35,39,48,3,8,4/18/2025
7,28,33,37,47,9,12,4/22/2025
13,22,32,39,41,1,12,4/25/2025
2,9,24,30,41,1,11,4/29/2025
3,5,19,21,49,1,10,5/2/2025
8,23,24,47,48,4,9,5/6/2025
15,18,25,29,47,5,9,5/9/2025
9,19,44,47,50,2,9,5/13/2025
6,9,25,37,46,6,12,5/16/2025
1,8,13,29,47,5,6,5/20/2025
10,29,43,46,49,7,12,5/23/2025
12,30,38,40,41,4,12,5/27/2025
4,7,14,33,36,1,5,5/30/2025
12,15,38,47,48,5,7,6/3/2025
20,21,29,30,35,2,12,6/6/2025
19,36,39,40,45,5,6,6/10/2025
2,28,40,43,45,3,7,6/13/2025
13,22,23,44,49,3,5,6/17/2025
5,8,24,37,47,3,9,6/20/2025
7,16,21,23,39,7,11,6/24/2025
19,27,36,45,49,7,10,6/27/2025
1,17,28,32,34,7,8,7/1/2025
19,29,42,45,48,5,7,7/4/2025
1,8,9,18,50,1,5,7/8/2025
8,23,24,45,49,2,10,7/11/2025
24,38,41,45,49,1,6,7/15/2025
13,19,25,42,45,2,9,7/18/2025
8,15,26,33,41,9,10,7/22/2025
6,7,23,32,36,11,12,7/25/2025
5,6,42,44,46,4,8,7/29/2025
4,16,25,29,30,2,10,8/1/2025
1,3,5,42,47,5,10,8/5/2025
2,12,19,34,44,6,10,8/8/2025
18,28,42,46,48,3,9,8/12/2025
13,30,35,36,40,2,6,8/15/2025
24,31,34,41,43,6,8,8/19/2025
6,9,12,30,39,4,10,8/22/2025
2,14,38,42,45,10,11,8/26/2025
6,9,10,13,37,1,7,8/29/2025
13,30,31,32,36,1,12,9/2/2025
27,30,31,41,43,5,8,9/5/2025
3,13,24,39,40,2,8,9/9/2025
5,10,23,31,37,3,11,9/12/2025
1,9,13,35,40,5,6,9/16/2025
8,10,26,32,42,9,12,9/19/2025
11,13,24,29,33,2,5,9/23/2025
4,17,25,28,44,5,11,9/26/2025
3,8,15,17,48,2,8,9/30/2025
6,12,18,25,41,2,6,10/3/2025
24,39,42,43,48,5,8,10/7/2025
6,7,17,20,21,1,10,10/10/2025
5,8,14,16,18,3,10,10/14/2025
13,35,39,44,47,3,5,10/17/2025
5,24,29,40,42,6,12,10/21/2025
7,8,25,31,45,7,12,10/24/2025
7,8,24,35,49,2,12,10/28/2025
5,14,38,43,45,7,11,10/31/2025
9,26,27,45,48,8,9,11/4/2025
11,21,39,40,43,2,8,11/7/2025
4,22,32,36,47,2,10,11/11/2025
9,26,27,45,48,8,9,11/14/2025
2,4,15,21,48,6,12,11/18/2025
17,19,29,35,48,5,9,11/21/2025
6,11,17,35,44,3,7,11/25/2025
5,29,33,39,42,3,9,11/28/2025
4,13,14,20,41,6,12,12/2/2025
9,15,25,34,46,8,12,12/5/2025
2,8,13,29,49,2,11,12/9/2025
7,25,30,37,41,5,11,12/12/2025
14,16,40,41,44,2,10,12/16/2025
17,21,39,43,44,1,11,12/19/2025
8,26,27,29,44,11,12,12/23/2025
2,22,32,36,48,3,4,12/26/2025
11,26,29,34,44,1,10,12/30/2025
8,27,42,44,46,1,10,1/2/2026
5,14,17,18,31,10,12,1/5/2026
1,7,10,26,34,2,4,1/9/2026
6,10,18,44,47,2,10,1/13/2026
5,17,24,29,50,5,10,1/16/2026
11,18,19,22,50,1,11,1/20/2026
4,5,13,21,42,3,10,1/23/2026
4,23,42,43,47,3,9,1/26/2026
14,18,31,35,46,7,11,1/30/2026